1	1	11/18/2018
1	2	12/18/2018
1	3	11/18/2019
1	4	12/18/2019
1	5	11/18/2020
2	6	12/18/2020
2	7	11/18/2021
2	8	12/18/2021
2	9	11/18/2022
3	10	12/18/2022
4	11	11/18/2023
4	12	12/18/2023
4	13	11/18/2024
5	14	12/18/2024
5	15	11/18/2025
5	16	12/18/2025
6	17	11/18/2026
6	18	12/18/2026
6	19	11/18/2027
2	20	12/18/2027
8	21	11/18/2028
8	22	12/18/2028
8	23	11/18/2029
8	24	12/18/2029
17	25	11/18/2030
11	26	12/18/2030
10	27	11/18/2031
10	28	12/18/2031
10	29	11/18/2032
14	30	12/18/2032
14	31	11/18/2033
14	32	12/18/2033
14	33	11/18/2034
12	34	12/18/2034
12	35	11/18/2035
12	36	12/18/2035
13	37	11/18/2036
9	38	12/18/2036
9	39	11/18/2037
9	40	12/18/2037
6	41	11/18/2038
6	42	12/18/2038
6	43	11/18/2039
15	44	12/18/2039
15	45	11/18/2040
20	46	12/18/2040
17	47	11/18/2041
18	48	12/18/2041
19	49	11/18/2042
12	50	12/18/2042