1	1	11/08/2018	13/08/2018
2	2	12/08/2018	14/08/2018
3	3	13/08/2018	15/08/2018
4	4	14/08/2018	16/08/2018
5	5	15/08/2018	17/08/2018
6	6	16/08/2018	18/08/2018
7	7	17/08/2018	19/08/2018
8	8	18/08/2018	20/08/2018
9	9	19/08/2018	21/08/2018
10	10	20/08/2018	22/08/2018
2	11	21/08/2018	23/08/2018
3	12	22/08/2018	24/08/2018
4	13	23/08/2018	25/08/2018
5	14	24/08/2018	26/08/2018
6	15	25/08/2018	27/08/2018
7	16	26/08/2018	28/08/2018
9	17	27/08/2018	29/08/2018
7	18	28/08/2018	30/08/2018
6	19	29/08/2018	31/08/2018
5	20	30/08/2018	01/09/2018
3	21	31/08/2018	02/09/2018
6	22	01/09/2018	03/09/2018
7	23	02/09/2018	04/09/2018
1	24	03/09/2018	05/09/2018
2	25	04/09/2018	06/09/2018
7	26	05/09/2018	07/09/2018
8	27	06/09/2018	08/09/2018
6	28	07/09/2018	09/09/2018
5	29	08/09/2018	10/09/2018
4	30	09/09/2018	11/09/2018
4	31	10/09/2018	12/09/2018
5	32	11/09/2018	13/09/2018
6	33	12/09/2018	14/09/2018
8	34	13/09/2018	15/09/2018
7	35	14/09/2018	16/09/2018
5	36	15/09/2018	17/09/2018
3	37	16/09/2018	18/09/2018
3	38	17/09/2018	19/09/2018
4	39	18/09/2018	20/09/2018
5	40	19/09/2018	21/09/2018
6	41	20/09/2018	22/09/2018
7	42	21/09/2018	23/09/2018
8	43	22/09/2018	24/09/2018
9	44	23/09/2018	25/09/2018
6	45	24/09/2018	26/09/2018
5	46	25/09/2018	27/09/2018
3	47	26/09/2018	28/09/2018
2	48	27/09/2018	29/09/2018
3	49	28/09/2018	30/09/2018
4	50	29/09/2018	01/10/2018